Titulo,Documentary,Sci-Fi,Mystery,Horror,Romance,Thriller,Crime,Fantasy,Comedy,Animation,Children,Drama,Adventure,Duracao,Investimento,Gostou
Nixon (1995),0,0,0,0,0,0,0,0,0,0,0,1,0,114496547,7930748498,1
Leaving Las Vegas (1995),0,0,0,0,1,0,0,0,0,0,0,1,0,1101401909,1827655533,1
Persuasion (1995),0,0,0,0,1,0,0,0,0,0,0,1,0,1057475965,1658223236,1
Babe (1995),0,0,0,0,0,0,0,0,0,0,1,1,0,1261319776,1300455253,1
Carrington (1995),0,0,0,0,1,0,0,0,0,0,0,1,0,850254686,1441812043,1
Dead Man Walking (1995),0,0,0,0,0,0,1,0,0,0,0,1,0,1096215458,437608499,1
Across the Sea of Time (1995),1,0,0,0,0,0,0,0,0,0,0,0,0,8160425277,1494324027,0
To Die For (1995),0,0,0,0,0,0,0,0,1,0,0,1,0,1386375948,6299150069,1
Seven (a.k.a. Se7en) (1995),0,0,1,0,0,0,0,0,0,0,0,0,0,1161432613,3795008325,1
Usual Suspects The (1995),0,0,1,0,0,0,1,0,0,0,0,0,0,8431961284,6337630684,1
Mighty Aphrodite (1995),0,0,0,0,1,0,0,0,1,0,0,1,0,1038121813,671476874,1
Postman The (Postino Il) (1994),0,0,0,0,1,0,0,0,1,0,0,1,0,9137535713,243162507,1
From Dusk Till Dawn (1996),0,0,0,1,0,0,0,0,1,0,0,0,0,9988373854,5670608576,0
Crossing Guard The (1995),0,0,0,0,0,0,1,0,0,0,0,1,0,1193760297,7050147025,1
Beautiful Girls (1996),0,0,0,0,1,0,0,0,1,0,0,1,0,1112147379,9564869072,0
Taxi Driver (1976),0,0,0,0,0,0,1,0,0,0,0,1,0,84818368,1423046318,1
Young Poisoner's Handbook The (1995),0,0,0,0,0,0,1,0,0,0,0,1,0,1513611696,2528566276,1
Flirting With Disaster (1996),0,0,0,0,0,0,0,0,1,0,0,0,0,1064078916,1787855563,1
Basketball Diaries The (1995),0,0,0,0,0,0,0,0,0,0,0,1,0,1155643513,3441268048,1
Apollo 13 (1995),0,0,0,0,0,0,0,0,0,0,0,1,1,1423861476,1220807161,1
Clockers (1995),0,0,1,0,0,0,1,0,0,0,0,1,0,1206259474,4921213376,1
Crumb (1994),1,0,0,0,0,0,0,0,0,0,0,0,0,9912969231,1859238983,1
Smoke (1995),0,0,0,0,0,0,0,0,1,0,0,1,0,1128084268,3661504342,1
Total Eclipse (1995),0,0,0,0,1,0,0,0,0,0,0,1,0,1422395221,2161755258,1
Don Juan DeMarco (1995),0,0,0,0,1,0,0,0,1,0,0,1,0,7894816163,1730694698,1
Ed Wood (1994),0,0,0,0,0,0,0,0,1,0,0,1,0,1151578819,207518854,1
Hoop Dreams (1994),1,0,0,0,0,0,0,0,0,0,0,0,0,1259576014,8878632857,1
Heavenly Creatures (1994),0,0,0,0,0,0,1,0,0,0,0,1,0,1205497574,5352305702,1
Interview with the Vampire: The Vampire Chronicles (1994),0,0,0,1,0,0,0,0,0,0,0,1,0,1000565265,675025354,0
Star Wars: Episode IV - A New Hope (1977),0,1,0,0,0,0,0,0,0,0,0,0,1,8569736845,1541519593,1
Little Women (1994),0,0,0,0,0,0,0,0,0,0,0,1,0,1399211905,1470513356,0
Madness of King George The (1994),0,0,0,0,0,0,0,0,1,0,0,1,0,1054496514,4907552005,1
Murder in the First (1995),0,0,0,0,0,0,0,0,0,0,0,1,0,1247161532,9946580274,1
Pulp Fiction (1994),0,0,0,0,0,0,1,0,1,0,0,1,0,1083749505,7866863232,1
Quiz Show (1994),0,0,0,0,0,0,0,0,0,0,0,1,0,821177962,1187053876,1
Quick and the Dead The (1995),0,0,0,0,0,0,0,0,0,0,0,0,0,8370596536,1518417048,1
Secret of Roan Inish The (1994),0,0,1,0,0,0,0,1,0,0,1,1,0,8824430078,1994031513,0
Shawshank Redemption The (1994),0,0,0,0,0,0,1,0,0,0,0,1,0,9796876575,1727783308,0
Vanya on 42nd Street (1994),0,0,0,0,0,0,0,0,0,0,0,1,0,1044006145,6966820533,1
What's Eating Gilbert Grape (1993),0,0,0,0,0,0,0,0,0,0,0,1,0,8913304048,402058847,1
Muriel's Wedding (1994),0,0,0,0,0,0,0,0,1,0,0,0,0,1174106664,2090338469,1
Adventures of Priscilla Queen of the Desert The (1994),0,0,0,0,0,0,0,0,1,0,0,1,0,9793956818,1193333847,1
Backbeat (1993),0,0,0,0,0,0,0,0,0,0,0,1,0,7872680301,7299708884,0
Bullets Over Broadway (1994),0,0,0,0,0,0,0,0,1,0,0,0,0,1281946981,8918660431,1
Crooklyn (1994),0,0,0,0,0,0,0,0,1,0,0,1,0,9168170444,4917536977,1
Wolf (1994),0,0,0,1,1,0,0,0,0,0,0,1,0,1017548059,8148986719,0
Addams Family Values (1993),0,0,0,0,0,0,0,1,1,0,1,0,0,1526565547,5232304351,0
Barcelona (1994),0,0,0,0,1,0,0,0,1,0,0,0,0,1077666975,1521330862,1
Cliffhanger (1993),0,0,0,0,0,0,0,0,0,0,0,0,1,1298623372,1242009258,1
Dazed and Confused (1993),0,0,0,0,0,0,0,0,1,0,0,0,0,9746036931,4978804294,1
Fugitive The (1993),0,0,0,0,0,0,0,0,0,0,0,0,0,1148170915,3045769446,0
Hudsucker Proxy The (1994),0,0,0,0,0,0,0,0,1,0,0,0,0,1171639651,2783439615,1
In the Line of Fire (1993),0,0,0,0,0,0,0,0,0,0,0,0,0,1110386208,2161615709,0
Manhattan Murder Mystery (1993),0,0,1,0,0,0,0,0,1,0,0,0,0,112924068,8848529231,1
Naked (1993),0,0,0,0,0,0,0,0,0,0,0,1,0,1200511636,459635792,1
Orlando (1992),0,0,0,0,1,0,0,1,0,0,0,1,0,1113208887,1401672317,0
Perfect World A (1993),0,0,0,0,0,0,1,0,0,0,0,1,0,1095191583,1266357844,0
Philadelphia (1993),0,0,0,0,0,0,0,0,0,0,0,1,0,1224752869,5189428638,0
Schindler's List (1993),0,0,0,0,0,0,0,0,0,0,0,1,0,9890412329,8607079995,1
Searching for Bobby Fischer (1993),0,0,0,0,0,0,0,0,0,0,0,1,0,5980583216,1465912336,1
Serial Mom (1994),0,0,0,1,0,0,1,0,1,0,0,0,0,8282177753,1027975082,1
Short Cuts (1993),0,0,0,0,0,0,0,0,0,0,0,1,0,1276484963,2655890894,1
Six Degrees of Separation (1993),0,0,0,0,0,0,0,0,0,0,0,1,0,1248245722,345188356,1
Blade Runner (1982),0,1,0,0,0,0,0,0,0,0,0,0,0,1117076302,3741570223,1
Thirty-Two Short Films About Glenn Gould (1993),0,0,0,0,0,0,0,0,0,0,0,1,0,145282976,1848126125,1
Nightmare Before Christmas The (1993),0,0,0,0,0,0,0,1,0,1,1,0,0,1621824786,4845370494,1
True Romance (1993),0,0,0,0,0,0,1,0,0,0,0,0,0,1338499146,23084927,0
War Room The (1993),1,0,0,0,0,0,0,0,0,0,0,0,0,1216000901,5192729406,1
Welcome to the Dollhouse (1995),0,0,0,0,0,0,0,0,1,0,0,1,0,110880335,3001555517,1
Spanking the Monkey (1994),0,0,0,0,0,0,0,0,1,0,0,1,0,1242568027,7570791552,1
Celluloid Closet The (1995),1,0,0,0,0,0,0,0,0,0,0,0,0,1026920056,9185207842,1
Dances with Wolves (1990),0,0,0,0,0,0,0,0,0,0,0,1,1,7049991176,1449053512,0
Batman (1989),0,0,0,0,0,0,1,0,0,0,0,0,0,1084794208,420406046,1
Silence of the Lambs The (1991),0,0,0,1,0,0,1,0,0,0,0,0,0,1284614876,4890201235,1
Snow White and the Seven Dwarfs (1937),0,0,0,0,0,0,0,1,0,1,1,1,0,9194666572,6509355981,1
Pinocchio (1940),0,0,0,0,0,0,0,1,0,1,1,0,0,9131397846,970102728,1
Wild Bunch The (1969),0,0,0,0,0,0,0,0,0,0,0,0,1,1185112094,8252160345,1
Fargo (1996),0,0,0,0,0,0,1,0,1,0,0,1,0,1197297431,6262227627,1
Aristocats The (1970),0,0,0,0,0,0,0,0,0,1,1,0,0,129694521,4511441131,1
James and the Giant Peach (1996),0,0,0,0,0,0,0,1,0,1,1,0,1,8695938682,3715997196,1
Wallace & Gromit: A Close Shave (1995),0,0,0,0,0,0,0,0,1,1,1,0,0,1145999132,3640933466,1
Dr. Strangelove or: How I Learned to Stop Worrying and Love the Bomb (1964),0,0,0,0,0,0,0,0,1,0,0,0,0,1272348263,1794015209,1
I Shot Andy Warhol (1996),0,0,0,0,0,0,0,0,0,0,0,1,0,1544841398,2273691812,1
Trainspotting (1996),0,0,0,0,0,0,1,0,1,0,0,1,0,1188142634,4555481795,1
Independence Day (a.k.a. ID4) (1996),0,1,0,0,0,0,0,0,0,0,0,0,1,9497288986,2648803908,0
Frighteners The (1996),0,0,0,1,0,0,0,0,1,0,0,0,0,1100288318,2972273525,0
Lone Star (1996),0,0,1,0,0,0,0,0,0,0,0,1,0,1079398911,6699425502,1
Phenomenon (1996),0,0,0,0,1,0,0,0,0,0,0,1,0,8087834722,1124343185,0
Godfather The (1972),0,0,0,0,0,0,1,0,0,0,0,1,0,8834610847,367654171,1
Philadelphia Story The (1940),0,0,0,0,1,0,0,0,1,0,0,1,0,9080102563,1040078918,1
Singin' in the Rain (1952),0,0,0,0,1,0,0,0,1,0,0,0,0,1106940851,3903251367,1
Breakfast at Tiffany's (1961),0,0,0,0,1,0,0,0,0,0,0,1,0,9793596936,7431233407,1
Vertigo (1958),0,0,1,0,1,0,0,0,0,0,0,1,0,5626122284,7202910747,1
Rear Window (1954),0,0,1,0,0,0,0,0,0,0,0,0,0,1087619464,7538660367,1
It Happened One Night (1934),0,0,0,0,1,0,0,0,1,0,0,0,0,1205691035,9226990236,1
North by Northwest (1959),0,0,1,0,1,0,0,0,0,0,0,0,1,1128922887,609161341,1
Apartment The (1960),0,0,0,0,1,0,0,0,1,0,0,1,0,1396652997,6910171331,1
Some Like It Hot (1959),0,0,0,0,0,0,1,0,1,0,0,0,0,1106812641,1830506327,1
Casablanca (1942),0,0,0,0,1,0,0,0,0,0,0,1,0,1298841958,3334253364,1
Maltese Falcon The (1941),0,0,1,0,0,0,0,0,0,0,0,0,0,1243426975,1188053564,1
My Fair Lady (1964),0,0,0,0,1,0,0,0,1,0,0,1,0,9901788708,102160312,1
Meet Me in St. Louis (1944),0,0,0,0,0,0,0,0,0,0,0,0,0,8903889252,3625453601,1
Wizard of Oz The (1939),0,0,0,0,0,0,0,1,0,0,1,0,1,1357401955,422420926,1
Gone with the Wind (1939),0,0,0,0,1,0,0,0,0,0,0,1,0,1038883632,5105097835,1
My Favorite Year (1982),0,0,0,0,0,0,0,0,1,0,0,0,0,1384917879,1033145522,1
Sunset Blvd. (a.k.a. Sunset Boulevard) (1950),0,0,0,0,1,0,0,0,0,0,0,1,0,6682870515,1524131305,1
Citizen Kane (1941),0,0,1,0,0,0,0,0,0,0,0,1,0,1295287262,4002412961,1
2001: A Space Odyssey (1968),0,1,0,0,0,0,0,0,0,0,0,1,1,8808796167,762127659,1
All About Eve (1950),0,0,0,0,0,0,0,0,0,0,0,1,0,1350120576,1861535436,1
Women The (1939),0,0,0,0,0,0,0,0,1,0,0,0,0,1377753739,9438897318,1
Rebecca (1940),0,0,1,0,1,0,0,0,0,0,0,1,0,116504924,1933861609,1
Notorious (1946),0,0,0,0,1,0,0,0,0,0,0,0,0,1392877834,4347886959,1
Spellbound (1945),0,0,1,0,1,0,0,0,0,0,0,0,0,9543979832,88078907,1
Top Hat (1935),0,0,0,0,1,0,0,0,1,0,0,0,0,1127117576,4882626156,1
Giant (1956),0,0,0,0,1,0,0,0,0,0,0,1,0,8522963398,7580422721,1
East of Eden (1955),0,0,0,0,0,0,0,0,0,0,0,1,0,9143583574,1161629735,1
Thin Man The (1934),0,0,0,0,0,0,1,0,1,0,0,0,0,9796387764,1648988406,1
It's a Wonderful Life (1946),0,0,0,0,1,0,0,1,0,0,1,1,0,1301358095,1092781344,1
Mr. Smith Goes to Washington (1939),0,0,0,0,0,0,0,0,0,0,0,1,0,1004440184,9657702937,1
Bringing Up Baby (1938),0,0,0,0,1,0,0,0,1,0,0,0,0,1479399269,8218421598,1
39 Steps The (1935),0,0,1,0,0,0,0,0,0,0,0,1,0,1119932821,1433890371,1
Night of the Living Dead (1968),0,1,0,1,0,0,0,0,0,0,0,0,0,9884189654,4740071426,1
African Queen The (1951),0,0,0,0,1,0,0,0,1,0,0,0,1,1072969057,1952725101,1
Cat on a Hot Tin Roof (1958),0,0,0,0,0,0,0,0,0,0,0,1,0,1146977782,4031349439,1
Meet John Doe (1941),0,0,0,0,0,0,0,0,1,0,0,1,0,1007403647,702343186,1
Picnic (1955),0,0,0,0,0,0,0,0,0,0,0,1,0,8641637894,6007645051,1
Big Night (1996),0,0,0,0,0,0,0,0,1,0,0,1,0,1179211566,1743054421,1
Escape to Witch Mountain (1975),0,0,0,0,0,0,0,1,0,0,1,0,1,9740191922,1694980462,0
Love Bug The (1969),0,0,0,0,0,0,0,0,1,0,1,0,0,1025987422,68957264,1
Old Yeller (1957),0,0,0,0,0,0,0,0,0,0,1,1,0,912254357,5222074598,1
20000 Leagues Under the Sea (1954),0,1,0,0,0,0,0,0,0,0,0,1,1,9795407041,3337326742,1
Mary Poppins (1964),0,0,0,0,0,0,0,1,1,0,1,0,0,9487972873,5831815895,1
Dumbo (1941),0,0,0,0,0,0,0,0,0,1,1,1,0,9755488204,180955761,1
Sound of Music The (1965),0,0,0,0,1,0,0,0,0,0,0,0,0,1237659567,8611458611,1
Die Hard (1988),0,0,0,0,0,0,1,0,0,0,0,0,0,9435097575,664114902,1
Beautiful Thing (1996),0,0,0,0,1,0,0,0,0,0,0,1,0,1089146657,1619917795,1
Everyone Says I Love You (1996),0,0,0,0,1,0,0,0,1,0,0,0,0,1197560711,9285650463,1
Sleepers (1996),0,0,0,0,0,0,0,0,0,0,0,0,0,1378450829,1217591975,0
Willy Wonka & the Chocolate Factory (1971),0,0,0,0,0,0,0,1,1,0,1,0,0,1149925507,4830590422,1
Sleeper (1973),0,1,0,0,0,0,0,0,1,0,0,0,0,1277860576,1111498272,1
Bananas (1971),0,0,0,0,0,0,0,0,1,0,0,0,0,9360767535,4544584337,1
Fish Called Wanda A (1988),0,0,0,0,0,0,1,0,1,0,0,0,0,1402981916,3852781454,1
Monty Python's Life of Brian (1979),0,0,0,0,0,0,0,0,1,0,0,0,0,1321474809,1524088246,1
Victor/Victoria (1982),0,0,0,0,1,0,0,0,1,0,0,0,0,1407711681,4900711303,1
Candidate The (1972),0,0,0,0,0,0,0,0,0,0,0,1,0,1133916301,1792193693,1
Bonnie and Clyde (1967),0,0,0,0,0,0,1,0,0,0,0,1,0,1335099713,4168496428,1
Dial M for Murder (1954),0,0,1,0,0,0,1,0,0,0,0,0,0,1491772121,30412275,1
Reservoir Dogs (1992),0,0,1,0,0,0,1,0,0,0,0,0,0,1295860998,4625739179,1
Platoon (1986),0,0,0,0,0,0,0,0,0,0,0,1,0,1245934267,2569934946,0
Doors The (1991),0,0,0,0,0,0,0,0,0,0,0,1,0,1141925528,2488002598,0
Crying Game The (1992),0,0,0,0,1,0,0,0,0,0,0,1,0,1045374299,4840527987,1
Glengarry Glen Ross (1992),0,0,0,0,0,0,0,0,0,0,0,1,0,1194274331,4738332674,1
Sophie's Choice (1982),0,0,0,0,0,0,0,0,0,0,0,1,0,1477504796,6053188632,1
E.T. the Extra-Terrestrial (1982),0,1,0,0,0,0,0,0,0,0,1,1,0,1054934705,3301692024,1
Rebel Without a Cause (1955),0,0,0,0,0,0,0,0,0,0,0,1,0,1455304867,9222812653,1
Streetcar Named Desire A (1951),0,0,0,0,0,0,0,0,0,0,0,1,0,1374204249,1112590861,1
People vs. Larry Flynt The (1996),0,0,0,0,0,0,0,0,1,0,0,1,0,1048670581,5795934073,1
On Golden Pond (1981),0,0,0,0,0,0,0,0,0,0,0,1,0,1152350119,1431204721,1
Return of the Pink Panther The (1975),0,0,0,0,0,0,1,0,1,0,0,0,0,1381015323,3119721091,1
Fog The (1980),0,0,0,1,0,0,0,0,0,0,0,0,0,1013795535,4347615347,1
Jean de Florette (1986),0,0,1,0,0,0,0,0,0,0,0,1,0,1153073719,5960699963,1
Manon of the Spring (Manon des sources) (1986),0,0,0,0,0,0,0,0,0,0,0,1,0,878802391,6944135487,1
Monty Python and the Holy Grail (1975),0,0,0,0,0,0,0,1,1,0,0,0,1,1146312816,4646933617,1
When We Were Kings (1996),1,0,0,0,0,0,0,0,0,0,0,0,0,9838919413,3639999761,1
Wallace & Gromit: The Wrong Trousers (1993),0,0,0,0,0,0,1,0,1,1,1,0,0,1261785289,5303233685,1
Bob Roberts (1992),0,0,0,0,0,0,0,0,1,0,0,0,0,1008738572,5641012571,1
Cinema Paradiso (Nuovo cinema Paradiso) (1989),0,0,0,0,0,0,0,0,0,0,0,1,0,1130054552,3972207536,1
Cook the Thief His Wife & Her Lover The (1989),0,0,0,0,0,0,0,0,1,0,0,1,0,9932300223,8770481788,1
Delicatessen (1991),0,0,0,0,1,0,0,0,1,0,0,1,0,8236066686,4858611203,1
Paths of Glory (1957),0,0,0,0,0,0,0,0,0,0,0,1,0,1188372692,2868414742,1
Grifters The (1990),0,0,0,0,0,0,1,0,0,0,0,1,0,1015091673,4166535432,1
My Left Foot (1989),0,0,0,0,0,0,0,0,0,0,0,1,0,1278845413,1331610868,1
Sex Lies and Videotape (1989),0,0,0,0,0,0,0,0,0,0,0,1,0,1384844016,3497719941,1
Strictly Ballroom (1992),0,0,0,0,1,0,0,0,1,0,0,0,0,1165412471,1899294133,0
Thin Blue Line The (1988),1,0,0,0,0,0,0,0,0,0,0,0,0,1282055975,3726834208,1
Paris Is Burning (1990),1,0,0,0,0,0,0,0,0,0,0,0,0,1241085879,4898354159,1
One Flew Over the Cuckoo's Nest (1975),0,0,0,0,0,0,0,0,0,0,0,1,0,1497999052,9852717933,1
Star Wars: Episode V - The Empire Strikes Back (1980),0,1,0,0,0,0,0,0,0,0,0,0,1,995350299,6555508891,1
Princess Bride The (1987),0,0,0,0,1,0,0,1,1,0,0,0,1,8208325864,2969151142,1
Raiders of the Lost Ark (Indiana Jones and the Raiders of the Lost Ark) (1981),0,0,0,0,0,0,0,0,0,0,0,0,1,8900116089,4921909466,1
Aliens (1986),0,1,0,1,0,0,0,0,0,0,0,0,1,9598967563,4007921403,1
Good the Bad and the Ugly The (Buono il brutto il cattivo Il) (1966),0,0,0,0,0,0,0,0,0,0,0,0,1,980491345,1271400033,1
12 Angry Men (1957),0,0,0,0,0,0,0,0,0,0,0,1,0,9731674617,1205725037,1
Lawrence of Arabia (1962),0,0,0,0,0,0,0,0,0,0,0,1,1,6836167567,6443490664,1
To Kill a Mockingbird (1962),0,0,0,0,0,0,0,0,0,0,0,1,0,958426051,1178923469,1
Apocalypse Now (1979),0,0,0,0,0,0,0,0,0,0,0,1,0,8050417442,5917436543,1
Once Upon a Time in the West (C'era una volta il West) (1968),0,0,0,0,0,0,0,0,0,0,0,1,0,1154847416,7205618564,1
Star Wars: Episode VI - Return of the Jedi (1983),0,1,0,0,0,0,0,0,0,0,0,0,1,1011764346,4583675235,0
Wings of Desire (Himmel �ber Berlin Der) (1987),0,0,0,0,1,0,0,1,0,0,0,1,0,1084011964,6200618996,1
Third Man The (1949),0,0,1,0,0,0,0,0,0,0,0,0,0,137452129,3347972583,1
Goodfellas (1990),0,0,0,0,0,0,1,0,0,0,0,1,0,1402373667,9682139277,1
Alien (1979),0,1,0,1,0,0,0,0,0,0,0,0,0,1160268217,4842226665,1
Ran (1985),0,0,0,0,0,0,0,0,0,0,0,1,0,1110573519,7197082561,1
Killer The (Die xue shuang xiong) (1989),0,0,0,0,0,0,1,0,0,0,0,1,0,129881604,6039756905,1
Psycho (1960),0,0,0,1,0,0,1,0,0,0,0,0,0,8016470513,1075485059,1
Blues Brothers The (1980),0,0,0,0,0,0,0,0,1,0,0,0,0,1135045712,4861000231,1
Godfather: Part II The (1974),0,0,0,0,0,0,1,0,0,0,0,1,0,111567032,9385162488,1
Full Metal Jacket (1987),0,0,0,0,0,0,0,0,0,0,0,1,0,9920351754,4631025923,1
Henry V (1989),0,0,0,0,1,0,0,0,0,0,0,1,0,6986673456,5577082694,1
Amadeus (1984),0,0,0,0,0,0,0,0,0,0,0,1,0,1274542326,6276712065,1
Once Upon a Time in America (1984),0,0,0,0,0,0,1,0,0,0,0,1,0,1308825873,1414982499,1
Raging Bull (1980),0,0,0,0,0,0,0,0,0,0,0,1,0,1248822293,3347385392,1
Annie Hall (1977),0,0,0,0,1,0,0,0,1,0,0,0,0,1480675698,2218208431,1
Right Stuff The (1983),0,0,0,0,0,0,0,0,0,0,0,1,0,111599065,3652523457,1
Boot Das (Boat The) (1981),0,0,0,0,0,0,0,0,0,0,0,1,0,8781373137,3534819377,1
Sting The (1973),0,0,0,0,0,0,1,0,1,0,0,0,0,895513743,1165381709,1
Harold and Maude (1971),0,0,0,0,1,0,0,0,1,0,0,1,0,9867885711,3590086399,1
Seventh Seal The (Sjunde inseglet Det) (1957),0,0,0,0,0,0,0,0,0,0,0,1,0,128026184,1819737668,1
Local Hero (1983),0,0,0,0,0,0,0,0,1,0,0,0,0,9383102807,1552120927,1
Terminator The (1984),0,1,0,0,0,0,0,0,0,0,0,0,0,1240556757,2967214625,1
Glory (1989),0,0,0,0,0,0,0,0,0,0,0,1,0,9145717159,6495997647,1
Rosencrantz and Guildenstern Are Dead (1990),0,0,0,0,0,0,0,0,1,0,0,1,0,1209341679,5373564557,1
Manhattan (1979),0,0,0,0,1,0,0,0,1,0,0,1,0,1072007837,3106420234,1
Miller's Crossing (1990),0,0,0,0,0,0,1,0,0,0,0,1,0,10016624,1007055813,1
Dead Poets Society (1989),0,0,0,0,0,0,0,0,0,0,0,1,0,1224897512,2443202512,0
Graduate The (1967),0,0,0,0,1,0,0,0,1,0,0,1,0,1067402631,5020354668,1
Touch of Evil (1958),0,0,0,0,0,0,1,0,0,0,0,0,0,1082058253,2269782275,1
Femme Nikita La (Nikita) (1990),0,0,0,0,1,0,1,0,0,0,0,0,0,9943985429,2836559176,1
Bridge on the River Kwai The (1957),0,0,0,0,0,0,0,0,0,0,0,1,1,1040205805,7402906187,1
8 1/2 (8_) (1963),0,0,0,0,0,0,0,1,0,0,0,1,0,1022628948,1531739842,1
Chinatown (1974),0,0,1,0,0,0,1,0,0,0,0,0,0,1059955316,3518429318,1
Day the Earth Stood Still The (1951),0,1,0,0,0,0,0,0,0,0,0,1,0,1075063747,1889673095,1
Duck Soup (1933),0,0,0,0,0,0,0,0,1,0,0,0,0,7859758622,3681213855,1
Shining The (1980),0,0,0,1,0,0,0,0,0,0,0,0,0,1065463022,9883980643,1
Stand by Me (1986),0,0,0,0,0,0,0,0,0,0,0,1,1,9338935145,6647469135,1
M (1931),0,0,0,0,0,0,1,0,0,0,0,0,0,9974205898,9707016509,1
Great Escape The (1963),0,0,0,0,0,0,0,0,0,0,0,1,1,1163035932,4764267847,1
Deer Hunter The (1978),0,0,0,0,0,0,0,0,0,0,0,1,0,1085813146,4540874142,1
Diva (1981),0,0,1,0,1,0,0,0,0,0,0,1,0,9708721051,5934287252,1
Groundhog Day (1993),0,0,0,0,1,0,0,1,1,0,0,0,0,8227940755,5382005209,1
Unforgiven (1992),0,0,0,0,0,0,0,0,0,0,0,1,0,1005531869,3170480942,1
Manchurian Candidate The (1962),0,0,0,0,0,0,1,0,0,0,0,0,0,9743449895,2054458738,1
Pump Up the Volume (1990),0,0,0,0,0,0,0,0,1,0,0,1,0,1398505381,2826484671,0
Back to the Future (1985),0,1,0,0,0,0,0,0,1,0,0,0,1,102710193,288230087,0
Patton (1970),0,0,0,0,0,0,0,0,0,0,0,1,0,9798557839,5940892351,1
Down by Law (1986),0,0,0,0,0,0,0,0,1,0,0,1,0,1059266346,2163325399,1
Cool Hand Luke (1967),0,0,0,0,0,0,0,0,0,0,0,1,0,1087991286,3847799202,1
Young Frankenstein (1974),0,0,0,0,0,0,0,1,1,0,0,0,0,9426853448,4638974729,1
Night on Earth (1991),0,0,0,0,0,0,0,0,1,0,0,1,0,1040193847,3805286932,1
Great Dictator The (1940),0,0,0,0,0,0,0,0,1,0,0,1,0,1165427568,4258450501,1
Fantasia (1940),0,0,0,0,0,0,0,1,0,1,1,0,0,9003059091,3870439783,1
High Noon (1952),0,0,0,0,0,0,0,0,0,0,0,1,0,1366611268,8864537936,1
Big Sleep The (1946),0,0,1,0,0,0,1,0,0,0,0,0,0,7701385515,1130857109,1
Heathers (1989),0,0,0,0,0,0,0,0,1,0,0,0,0,1100487601,1163033393,1
Ben-Hur (1959),0,0,0,0,0,0,0,0,0,0,0,1,1,8598851894,7501683499,1
This Is Spinal Tap (1984),0,0,0,0,0,0,0,0,1,0,0,0,0,93433868,1241562519,1
Koyaanisqatsi (a.k.a. Koyaanisqatsi: Life Out of Balance) (1983),1,0,0,0,0,0,0,0,0,0,0,0,0,1161819684,8768843781,1
Being There (1979),0,0,0,0,0,0,0,0,1,0,0,1,0,9958098319,220889119,1
Gandhi (1982),0,0,0,0,0,0,0,0,0,0,0,1,0,1309847777,4783211997,1
Room with a View A (1986),0,0,0,0,1,0,0,0,0,0,0,1,0,1366359307,6706883998,1
Killing Fields The (1984),0,0,0,0,0,0,0,0,0,0,0,1,0,1108802727,5367540813,1
My Life as a Dog (Mitt liv som hund) (1985),0,0,0,0,0,0,0,0,1,0,0,1,0,9244736187,1451822703,1
Field of Dreams (1989),0,0,0,0,0,0,0,1,0,0,1,1,0,1143201256,3766133873,0
Butch Cassidy and the Sundance Kid (1969),0,0,0,0,0,0,0,0,0,0,0,0,0,9919426093,4279501715,1
When Harry Met Sally... (1989),0,0,0,0,1,0,0,0,1,0,0,0,0,1026501588,1217997647,0
Alien_ (a.k.a. Alien 3) (1992),0,1,0,1,0,0,0,0,0,0,0,0,0,1284701998,3757717137,0
American Werewolf in London An (1981),0,0,0,1,0,0,0,0,1,0,0,0,0,125788133,104169006,1
Amityville 3-D (1983),0,0,0,1,0,0,0,0,0,0,0,0,0,1044030247,350127028,0
Amityville Horror The (1979),0,0,1,1,0,0,0,0,0,0,0,1,0,1155341355,4934439,1
Birds The (1963),0,0,0,1,0,0,0,0,0,0,0,0,0,1044854639,2855934779,1
Dracula (Bram Stoker's Dracula) (1992),0,0,0,1,1,0,0,1,0,0,0,0,0,116611607,4466574078,0
Bride of Frankenstein The (Bride of Frankenstein) (1935),0,1,0,1,0,0,0,0,0,0,0,1,0,1031144192,4682143645,1
Burnt Offerings (1976),0,0,0,1,0,0,0,0,0,0,0,0,0,1131393856,6928659094,1
Candyman (1992),0,0,0,1,0,0,0,0,0,0,0,0,0,1087605577,8001008685,0
Carrie (1976),0,0,0,1,0,0,0,1,0,0,0,1,0,9628714619,2022730101,1
Cat People (1982),0,0,0,1,0,0,0,1,0,0,0,1,0,1093050447,3793103749,0
Nightmare on Elm Street A (1984),0,0,0,1,0,0,0,0,0,0,0,0,0,1168966029,2730627659,1
Nosferatu (Nosferatu eine Symphonie des Grauens) (1922),0,0,0,1,0,0,0,0,0,0,0,0,0,9800755964,4370078177,1
Omen The (1976),0,0,1,1,0,0,0,0,0,0,0,0,0,1376429132,1268245976,1
Shine (1996),0,0,0,0,1,0,0,0,0,0,0,1,0,1023544815,6026249429,1
Sling Blade (1996),0,0,0,0,0,0,0,0,0,0,0,1,0,1007144967,39345091,0
Paradise Lost: The Child Murders at Robin Hood Hills (1996),1,0,0,0,0,0,0,0,0,0,0,0,0,8378625319,1230340535,1
Crucible The (1996),0,0,0,0,0,0,0,0,0,0,0,1,0,1174860888,2414548477,1
Star Trek II: The Wrath of Khan (1982),0,1,0,0,0,0,0,0,0,0,0,0,1,1045875444,1211168423,1
Batman Returns (1992),0,0,0,0,0,0,1,0,0,0,0,0,0,9988970814,3927002031,0
Grease (1978),0,0,0,0,1,0,0,0,1,0,0,0,0,9114899706,243051677,1
Substance of Fire The (1996),0,0,0,0,0,0,0,0,0,0,0,1,0,1246613049,5930367993,1
Jaws (1975),0,0,0,1,0,0,0,0,0,0,0,0,0,131959683,1405019625,1
Jaws 3-D (1983),0,0,0,1,0,0,0,0,0,0,0,0,0,111709308,3936104527,0
Jerry Maguire (1996),0,0,0,0,1,0,0,0,0,0,0,1,0,9213661837,2241151784,0
Raising Arizona (1987),0,0,0,0,0,0,0,0,1,0,0,0,0,1092998192,223932021,1
Beavis and Butt-Head Do America (1996),0,0,0,0,0,0,1,0,1,1,0,0,1,1249053923,3267783033,1
Scream (1996),0,0,1,1,0,0,0,0,1,0,0,0,0,9713644326,1147469704,1
Hamlet (1996),0,0,0,0,1,0,1,0,0,0,0,1,0,773875455,632099423,1
Message to Love: The Isle of Wight Festival (1996),1,0,0,0,0,0,0,0,0,0,0,0,0,1105890599,8704405536,1
Waiting for Guffman (1996),0,0,0,0,0,0,0,0,1,0,0,0,0,1101725715,1584606352,1
Donnie Brasco (1997),0,0,0,0,0,0,1,0,0,0,0,1,0,1040778116,3369588991,1
Children of the Revolution (1996),0,0,0,0,0,0,0,0,1,0,0,0,0,1315953473,1881424202,1
Austin Powers: International Man of Mystery (1997),0,0,0,0,0,0,0,0,1,0,0,0,1,9446611609,1767623369,1
Love! Valour! Compassion! (1997),0,0,0,0,1,0,0,0,0,0,0,1,0,8334464536,2320923698,1
Pillow Book The (1996),0,0,0,0,1,0,0,0,0,0,0,1,0,1142349096,2354420247,1
Contact (1997),0,1,0,0,0,0,0,0,0,0,0,1,0,7435121874,6451983876,0
In the Company of Men (1997),0,0,0,0,0,0,0,0,1,0,0,1,0,1454442894,3629057393,0
Hunt for Red October The (1990),0,0,0,0,0,0,0,0,0,0,0,0,1,1028141482,1044299583,0
My Own Private Idaho (1991),0,0,0,0,1,0,0,0,0,0,0,1,0,7747247404,38726321,1
L.A. Confidential (1997),0,0,1,0,0,0,1,0,0,0,0,0,0,8309105404,1333141483,1
I Know What You Did Last Summer (1997),0,0,1,1,0,0,0,0,0,0,0,0,0,1089454412,1000544155,0
House of Yes The (1997),0,0,0,0,0,0,0,0,1,0,0,1,0,1057057142,1912329317,1
Stripes (1981),0,0,0,0,0,0,0,0,1,0,0,0,0,1308357795,7718269404,1
Boogie Nights (1997),0,0,0,0,0,0,0,0,0,0,0,1,0,1109925567,4253270671,1
Alien: Resurrection (1997),0,1,0,1,0,0,0,0,0,0,0,0,0,1116048169,3615932902,1
Deconstructing Harry (1997),0,0,0,0,0,0,0,0,1,0,0,1,0,9361145923,1425449262,1
Good Will Hunting (1997),0,0,0,0,1,0,0,0,0,0,0,1,0,9260287888,2554232739,0
Scream 2 (1997),0,0,1,1,0,0,0,0,1,0,0,0,0,1251923743,1564179525,1
Sweet Hereafter The (1997),0,0,0,0,0,0,0,0,0,0,0,1,0,930615957,1666904077,1
Jackie Brown (1997),0,0,0,0,0,0,1,0,0,0,0,1,0,8725013288,3614744058,1
Big Lebowski The (1998),0,0,0,0,0,0,1,0,1,0,0,0,0,8978868672,3705312525,1
My Life in Pink (Ma vie en rose) (1997),0,0,0,0,0,0,0,0,1,0,0,1,0,100383999,9824883322,1
Men with Guns (1997),0,0,0,0,0,0,0,0,0,0,0,1,0,1087216428,896360615,1
Everest (1998),1,0,0,0,0,0,0,0,0,0,0,0,0,1340686637,1777503258,1
Last Days of Disco The (1998),0,0,0,0,0,0,0,0,1,0,0,1,0,117904317,1532018517,1
Gingerbread Man The (1998),0,0,0,0,0,0,0,0,0,0,0,1,0,8832542808,8379157008,1
Kurt & Courtney (1998),1,0,0,0,0,0,0,0,0,0,0,0,0,8405297516,5117626319,0
Bulworth (1998),0,0,0,0,1,0,0,0,1,0,0,1,0,8473791645,1851042174,1
Fear and Loathing in Las Vegas (1998),0,0,0,0,0,0,0,0,1,0,0,1,1,1178541906,1266063591,0
Hope Floats (1998),0,0,0,0,1,0,0,0,1,0,0,1,0,104900968,2736582949,0
Can't Hardly Wait (1998),0,0,0,0,1,0,0,0,1,0,0,1,0,1234551283,1647965871,0
There's Something About Mary (1998),0,0,0,0,1,0,0,0,1,0,0,0,0,1041668801,3755879785,0
Plan 9 from Outer Space (1959),0,1,0,1,0,0,0,0,0,0,0,0,0,1452981614,6287571755,1
All Quiet on the Western Front (1930),0,0,0,0,0,0,0,0,0,0,0,1,0,1374377297,5793612326,1
Grand Hotel (1932),0,0,0,0,1,0,0,0,0,0,0,1,0,7792593298,4835660421,1
Mutiny on the Bounty (1935),0,0,0,0,0,0,0,0,0,0,0,1,1,1279103262,2065552261,1
Best Years of Our Lives The (1946),0,0,0,0,0,0,0,0,0,0,0,1,0,843170993,2356003133,1
Hamlet (1948),0,0,0,0,0,0,0,0,0,0,0,1,0,1207437177,3778831135,1
From Here to Eternity (1953),0,0,0,0,1,0,0,0,0,0,0,1,0,6983807509,914039865,1
On the Waterfront (1954),0,0,0,0,0,0,1,0,0,0,0,1,0,8503680885,6090749419,1
Marty (1955),0,0,0,0,1,0,0,0,0,0,0,1,0,7679842022,2347945303,1
West Side Story (1961),0,0,0,0,1,0,0,0,0,0,0,1,0,1332436083,2043854131,1
In the Heat of the Night (1967),0,0,1,0,0,0,0,0,0,0,0,1,0,1314434797,1168203823,1
Midnight Cowboy (1969),0,0,0,0,0,0,0,0,0,0,0,1,0,1340080691,4561290251,1
French Connection The (1971),0,0,0,0,0,0,1,0,0,0,0,0,0,1364235283,1439184807,1
Rocky (1976),0,0,0,0,0,0,0,0,0,0,0,1,0,1092258242,1730852217,1
Kramer vs. Kramer (1979),0,0,0,0,0,0,0,0,0,0,0,1,0,989875672,1015179139,1
Ordinary People (1980),0,0,0,0,0,0,0,0,0,0,0,1,0,1283629914,3079805706,1
Chariots of Fire (1981),0,0,0,0,0,0,0,0,0,0,0,1,0,1231644704,4619334169,1
Terms of Endearment (1983),0,0,0,0,0,0,0,0,1,0,0,1,0,9116783558,3812860037,1
Last Emperor The (1987),0,0,0,0,0,0,0,0,0,0,0,1,0,1294515127,1438336897,1
Rain Man (1988),0,0,0,0,0,0,0,0,0,0,0,1,0,1140115082,1574503692,1
Driving Miss Daisy (1989),0,0,0,0,0,0,0,0,0,0,0,1,0,9229390682,4517280706,0
Repo Man (1984),0,1,0,0,0,0,0,0,1,0,0,0,0,1232633059,356601838,1
Metropolitan (1990),0,0,0,0,0,0,0,0,1,0,0,0,0,1172274641,1582106659,1
Breakfast Club The (1985),0,0,0,0,0,0,0,0,1,0,0,1,0,128730012,1450585379,1
Nightmare on Elm Street 2: Freddy's Revenge A (1985),0,0,0,1,0,0,0,0,0,0,0,0,0,1108284571,3678556394,1
Friday the 13th (1980),0,0,1,1,0,0,0,0,0,0,0,0,0,1485328267,2079244808,1
Halloween (1978),0,0,0,1,0,0,0,0,0,0,0,0,0,1311658368,3947949166,1
Prom Night (1980),0,0,0,1,0,0,0,0,0,0,0,0,0,1228629807,608933333,1
Poltergeist (1982),0,0,0,1,0,0,0,0,0,0,0,0,0,1003962604,8252992225,1
Exorcist The (1973),0,0,1,1,0,0,0,0,0,0,0,0,0,9628290834,2231462897,1
Exorcist III The (1990),0,0,0,1,0,0,0,0,0,0,0,0,0,1166886985,4297402268,0
Lethal Weapon (1987),0,0,0,0,0,0,1,0,1,0,0,1,0,1255332005,4609668958,0
Lethal Weapon 2 (1989),0,0,0,0,0,0,1,0,1,0,0,1,0,1453860412,4275067221,0
Gremlins (1984),0,0,0,1,0,0,0,0,1,0,0,0,0,1410451268,3021772388,0
Metropolis (1927),0,1,0,0,0,0,0,0,0,0,0,1,0,947323374,2278482565,1
Freaky Friday (1977),0,0,0,0,0,0,0,1,1,0,1,0,0,1182355861,115593509,1
Bambi (1942),0,0,0,0,0,0,0,0,0,1,1,1,0,1089930784,9127370363,1
Seven Samurai (Shichinin no samurai) (1954),0,0,0,0,0,0,0,0,0,0,0,1,1,112752308,1059458944,1
Dangerous Liaisons (1988),0,0,0,0,1,0,0,0,0,0,0,1,0,1271752123,4674005206,1
Dune (1984),0,1,0,0,0,0,0,0,0,0,0,0,1,1233514776,4412764441,1
Godfather: Part III The (1990),0,0,1,0,0,0,1,0,0,0,0,1,0,1129426599,4046268047,0
Darby O'Gill and the Little People (1959),0,0,0,0,0,0,0,1,0,0,1,0,1,6541352826,3041168308,0
Roger & Me (1989),1,0,0,0,0,0,0,0,0,0,0,0,0,1407286647,1183203077,1
Purple Rose of Cairo The (1985),0,0,0,0,1,0,0,1,1,0,0,1,0,1049647925,3571034583,1
Doctor Zhivago (1965),0,0,0,0,1,0,0,0,0,0,0,1,0,1236805446,3740391925,1
Fanny and Alexander (Fanny och Alexander) (1982),0,0,1,0,0,0,0,1,0,0,0,1,0,1196499124,2298207988,1
Trip to Bountiful The (1985),0,0,0,0,0,0,0,0,0,0,0,1,0,1294759487,1157460894,1
Tender Mercies (1983),0,0,0,0,1,0,0,0,0,0,0,1,0,1365619585,3641450014,1
Mephisto (1981),0,0,0,0,0,0,0,0,0,0,0,1,0,9083809846,5455288609,1
Blue Velvet (1986),0,0,1,0,0,0,0,0,0,0,0,1,0,632140971,3529434312,1
Jungle Book The (1967),0,0,0,0,0,0,0,0,1,1,1,0,0,1300990629,985273835,1
Lady and the Tramp (1955),0,0,0,0,1,0,0,0,1,1,1,0,0,7722006368,4947963623,1
101 Dalmatians (One Hundred and One Dalmatians) (1961),0,0,0,0,0,0,0,0,0,1,1,0,1,8972166293,4076166359,1
Peter Pan (1953),0,0,0,0,0,0,0,1,0,1,1,0,0,1262883998,1301366393,1
Popeye (1980),0,0,0,0,0,0,0,0,1,0,0,0,1,1263712337,1494114114,1
Rescuers The (1977),0,0,0,0,0,0,1,0,0,1,1,1,1,109219017,7966406842,1
Something Wicked This Way Comes (1983),0,0,1,0,0,0,0,1,0,0,1,1,0,1264621801,4806859767,1
Song of the South (1946),0,0,0,0,0,0,0,0,0,1,1,0,1,1121023319,4105211758,1
Splash (1984),0,0,0,0,1,0,0,1,1,0,0,0,0,8872178897,3884020317,1
Tron (1982),0,1,0,0,0,0,0,0,0,0,0,0,1,1061509555,39186277,0
Halloween H20: 20 Years Later (Halloween 7: The Revenge of Laurie Strode) (1998),0,0,0,1,0,0,0,0,0,0,0,0,0,950190662,261915866,0
Jerk The (1979),0,0,0,0,0,0,0,0,1,0,0,0,0,1066446143,1138551621,1
Dead Men Don't Wear Plaid (1982),0,0,0,0,0,0,1,0,1,0,0,0,0,7752722608,1222038401,0
Grand Canyon (1991),0,0,0,0,0,0,1,0,0,0,0,1,0,1021538697,6254873506,0
Dead Zone The (1983),0,0,0,0,0,0,0,0,0,0,0,0,0,8291564865,6470543484,1
Cujo (1983),0,0,0,1,0,0,0,0,0,0,0,0,0,1234782162,3739367575,0
Addams Family The (1991),0,0,0,0,0,0,0,1,1,0,1,0,0,127925046,1352122329,1
Atlantic City (1980),0,0,0,0,1,0,1,0,0,0,0,1,0,1205237382,7981520464,1
Who's Afraid of Virginia Woolf? (1966),0,0,0,0,0,0,0,0,0,0,0,1,0,115200772,493178267,1
Doctor Dolittle (1967),0,0,0,0,0,0,0,0,0,0,1,0,1,1354953073,4109315803,1
Charlotte's Web (1973),0,0,0,0,0,0,0,0,0,1,1,0,0,1001831272,1307212305,1
Watership Down (1978),0,0,0,0,0,0,0,1,0,1,1,1,1,1278197276,1678878462,1
Dark Crystal The (1982),0,0,0,0,0,0,0,1,0,0,0,0,1,8599820261,3180064209,0
Sixteen Candles (1984),0,0,0,0,1,0,0,0,1,0,0,0,0,1024227621,3730705096,0
Pretty in Pink (1986),0,0,0,0,1,0,0,0,1,0,0,1,0,1037850281,6131426641,0
St. Elmo's Fire (1985),0,0,0,0,1,0,0,0,0,0,0,1,0,1105627244,1120915097,0
Rosemary's Baby (1968),0,0,0,1,0,0,0,0,0,0,0,1,0,8325715015,1029972571,1
Attack of the Killer Tomatoes! (1978),0,0,0,1,0,0,0,0,1,0,0,0,0,8518168856,964988834,1
Beetlejuice (1988),0,0,0,0,0,0,0,1,1,0,0,0,0,9710479001,1328712192,1
Strangers on a Train (1951),0,0,0,0,0,0,1,0,0,0,0,1,0,880696919,1924223642,1
Willow (1988),0,0,0,0,0,0,0,1,0,0,0,0,1,1331520373,421107673,0
Untouchables The (1987),0,0,0,0,0,0,1,0,0,0,0,1,0,1106759689,1444683771,1
Lifeboat (1944),0,0,0,0,0,0,0,0,0,0,0,1,0,1131432128,4276635574,1
Shadow of a Doubt (1943),0,0,0,0,0,0,1,0,0,0,0,1,0,1445896389,8368569065,1
Lady Vanishes The (1938),0,0,1,0,0,0,0,0,0,0,0,1,0,1238389406,6817128241,1
Murder! (1930),0,0,1,0,0,0,0,0,0,0,0,0,0,1134435248,4610571474,1
Lodger: A Story of the London Fog The (1927),0,0,0,0,0,0,1,0,0,0,0,1,0,1026538074,4411142702,1
My Bodyguard (1980),0,0,0,0,0,0,0,0,0,0,0,1,0,9234523,1864406679,0
Broadcast News (1987),0,0,0,0,1,0,0,0,1,0,0,1,0,8157417801,4026126954,0
Say Anything... (1989),0,0,0,0,1,0,0,0,1,0,0,1,0,7075725982,1980929384,1
Few Good Men A (1992),0,0,0,0,0,0,1,0,0,0,0,1,0,1020023465,7481153089,1
Pecker (1998),0,0,0,0,0,0,0,0,1,0,0,1,0,8215507169,369417304,1
Player The (1992),0,0,0,0,0,0,1,0,1,0,0,1,0,11024876,5555040211,1
Stardust Memories (1980),0,0,0,0,0,0,0,0,1,0,0,1,0,1368875917,3348573218,1
Edward Scissorhands (1990),0,0,0,0,1,0,0,1,0,0,0,1,0,9675433019,1831529723,1
Producers The (1968),0,0,0,0,0,0,0,0,1,0,0,0,0,1294954038,4786460078,1
History of the World: Part I (1981),0,0,0,0,0,0,0,0,1,0,0,0,0,118004161,1614170597,1
Nashville (1975),0,0,0,0,0,0,0,0,0,0,0,1,0,9983187721,132159958,1
Children of a Lesser God (1986),0,0,0,0,0,0,0,0,0,0,0,1,0,1320974185,4846787269,0
Elephant Man The (1980),0,0,0,0,0,0,0,0,0,0,0,1,0,9759708418,1159351648,1
Happiness (1998),0,0,0,0,0,0,0,0,1,0,0,1,0,1193623301,1669774452,1
Pleasantville (1998),0,0,0,0,0,0,0,1,1,0,0,1,0,1088452966,558604669,0
Gods and Monsters (1998),0,0,0,0,0,0,0,0,0,0,0,1,0,1015339688,6620111125,1
Elizabeth (1998),0,0,0,0,0,0,0,0,0,0,0,1,0,1098835786,5194369299,1
Runaway Train (1985),0,0,0,0,0,0,0,0,0,0,0,1,1,1129600987,3527535634,1
Desert Bloom (1986),0,0,0,0,0,0,0,0,0,0,0,1,0,1215112009,4037029031,0
Nights of Cabiria (Notti di Cabiria Le) (1957),0,0,0,0,0,0,0,0,0,0,0,1,0,1220619543,1937361492,1
Big Chill The (1983),0,0,0,0,0,0,0,0,1,0,0,1,0,8348806401,8954111591,0
Celebrity (1998),0,0,0,0,0,0,0,0,1,0,0,0,0,8930821438,4576944644,1
Pink Flamingos (1972),0,0,0,0,0,0,0,0,1,0,0,0,0,1093055901,453057259,1
Glen or Glenda (1953),0,0,0,0,0,0,0,0,0,0,0,1,0,1351659355,1520979894,1
King Kong (1933),0,0,0,1,0,0,0,1,0,0,0,0,1,1055098101,735404128,1
King Kong (1976),0,1,0,0,1,0,0,1,0,0,0,0,1,9845673748,4292186643,0
Simple Plan A (1998),0,0,0,0,0,0,1,0,0,0,0,1,0,1203564419,5339389994,1
Rushmore (1998),0,0,0,0,0,0,0,0,1,0,0,1,0,9072153964,2282226393,1
Shakespeare in Love (1998),0,0,0,0,1,0,0,0,1,0,0,1,0,8606794881,4227153698,1
Mass Appeal (1984),0,0,0,0,0,0,0,0,0,0,0,1,0,1055370867,1001900995,0
Romancing the Stone (1984),0,0,0,0,1,0,0,0,1,0,0,0,1,9714604298,2744853047,0
Cocoon (1985),0,1,0,0,0,0,0,0,1,0,0,0,0,1068005871,5750487315,0
Karate Kid The (1984),0,0,0,0,0,0,0,0,0,0,0,1,0,8067301699,7346027211,0
Christmas Vacation (National Lampoon's Christmas Vacation) (1989),0,0,0,0,0,0,0,0,1,0,0,0,0,1178431865,2772396098,0
Affliction (1997),0,0,0,0,0,0,0,0,0,0,0,1,0,9363319148,4028422836,1
Boy Who Could Fly The (1986),0,0,0,0,0,0,0,1,0,0,0,1,0,1159867933,4148205056,0
Fly The (1958),0,1,1,1,0,0,0,0,0,0,0,0,0,8534761066,8521116577,1
Fly The (1986),0,1,0,1,0,0,0,0,0,0,0,1,0,9235167229,2329429502,0
Texas Chainsaw Massacre The (1974),0,0,0,1,0,0,0,0,0,0,0,0,0,6848983844,1108839235,1
Christine (1983),0,0,0,1,0,0,0,0,0,0,0,0,0,1152071617,1060600575,0
Airport (1970),0,0,0,0,0,0,0,0,0,0,0,1,0,1035309768,1815377224,1
Towering Inferno The (1974),0,0,0,0,0,0,0,0,0,0,0,1,1,1035591853,8223534709,1
Westworld (1973),0,1,0,0,0,0,0,0,0,0,0,0,0,1592809018,4426580294,1
Cruel Intentions (1999),0,0,0,0,0,0,0,0,0,0,0,1,0,8763190593,1070463585,0
Rage: Carrie 2 The (1999),0,0,0,1,0,0,0,0,0,0,0,0,0,950924865,1385365083,0
Election (1999),0,0,0,0,0,0,0,0,1,0,0,0,0,7533351752,1282078195,1
Dick Tracy (1990),0,0,0,0,0,0,1,0,0,0,0,0,0,1229024077,7521702602,0
Star Wars: Episode I - The Phantom Menace (1999),0,1,0,0,0,0,0,0,0,0,0,0,1,9597847478,936680524,1
Mommie Dearest (1981),0,0,0,0,0,0,0,0,0,0,0,1,0,1414442661,4275239167,1
Dracula (1931),0,0,0,1,0,0,0,0,0,0,0,0,0,1282641905,3545737483,1
Rocky Horror Picture Show The (1975),0,1,0,1,0,0,0,0,1,0,0,0,0,9139525789,4371943969,1
War of the Worlds The (1953),0,1,0,0,0,0,0,0,0,0,0,1,0,9324605502,2776452466,1
Invasion of the Body Snatchers (1956),0,1,0,1,0,0,0,0,0,0,0,0,0,1165065768,7816255681,1
Thirteenth Floor The (1999),0,1,0,0,0,0,0,0,0,0,0,1,0,1087500279,3386456604,0
Austin Powers: The Spy Who Shagged Me (1999),0,0,0,0,0,0,0,0,1,0,0,0,1,1144756291,5291660869,1
Run Lola Run (Lola rennt) (1998),0,0,0,0,0,0,1,0,0,0,0,0,0,8337892814,5791396236,1
Summer of Sam (1999),0,0,0,0,0,0,0,0,0,0,0,1,0,8967707525,3559239092,0
Blair Witch Project The (1999),0,0,0,1,0,0,0,0,0,0,0,1,0,1142532947,386785887,0
Eyes Wide Shut (1999),0,0,1,0,0,0,0,0,0,0,0,1,0,1172686891,5712918933,1
Ghostbusters (a.k.a. Ghost Busters) (1984),0,1,0,0,0,0,0,0,1,0,0,0,0,1072534502,5898278871,1
Ghostbusters II (1989),0,1,0,0,0,0,0,1,1,0,0,0,0,6650804032,351461542,0
Twin Falls Idaho (1999),0,0,0,0,0,0,0,0,0,0,0,1,0,7783709216,7222988229,1
Killing The (1956),0,0,0,0,0,0,1,0,0,0,0,0,0,1051999591,8526335398,1
Spartacus (1960),0,0,0,0,1,0,0,0,0,0,0,1,0,1150905718,2113948128,1
Lolita (1962),0,0,0,0,1,0,0,0,0,0,0,1,0,1024626193,2449225193,1
Barry Lyndon (1975),0,0,0,0,1,0,0,0,0,0,0,1,0,9873093614,1957238584,1
400 Blows The (Les quatre cents coups) (1959),0,0,0,0,0,0,1,0,0,0,0,1,0,1240176293,4659648372,1
Mosquito Coast The (1986),0,0,0,0,0,0,0,0,0,0,0,1,1,1194794582,6517529743,1
Color Purple The (1985),0,0,0,0,0,0,0,0,0,0,0,1,0,1175360468,9281546155,1
Little Shop of Horrors (1986),0,0,0,1,0,0,0,0,1,0,0,0,0,6878030479,3944117862,1
Little Shop of Horrors The (1960),0,0,0,1,0,0,0,0,1,0,0,0,0,1248705688,5638495462,1
Morning After The (1986),0,0,1,0,0,0,0,0,0,0,0,1,0,1035044831,3960810586,1
Radio Days (1987),0,0,0,0,0,0,0,0,1,0,0,1,0,1233853326,1088631044,1
Frances (1982),0,0,0,0,0,0,0,0,0,0,0,1,0,8713572661,3830039035,1
Sixth Sense The (1999),0,0,1,1,0,0,0,0,0,0,0,1,0,136291695,4813226181,1
Thomas Crown Affair The (1968),0,0,0,0,1,0,1,0,0,0,0,1,0,1331558091,2127542832,1
Heaven Can Wait (1978),0,0,0,0,0,0,0,0,1,0,0,0,0,9760785179,431326641,1
Masque of the Red Death The (1964),0,0,0,1,0,0,0,0,0,0,0,0,0,1372032347,2214275316,1
Airplane! (1980),0,0,0,0,0,0,0,0,1,0,0,0,0,8776837415,1462361668,1
American Werewolf in Paris An (1997),0,0,0,1,1,0,0,0,1,0,0,0,0,123188939,6832888113,1
National Lampoon's Vacation (1983),0,0,0,0,0,0,0,0,1,0,0,0,0,1108544155,4087019947,1
Big (1988),0,0,0,0,1,0,0,1,1,0,0,1,0,1202959336,3864679824,0
Christmas Story A (1983),0,0,0,0,0,0,0,0,1,0,1,0,0,1008315212,1845243098,1
Hamlet (1964),0,0,0,0,0,0,0,0,0,0,0,1,0,1084035138,2195428474,1
Minus Man The (1999),0,0,1,0,0,0,0,0,0,0,0,1,0,1094097778,1395641301,1
Soldier's Story A (1984),0,0,0,0,0,0,0,0,0,0,0,1,0,1204831214,4575407098,1
Yellow Submarine (1968),0,0,0,0,0,0,0,1,1,1,0,0,1,1096891292,4122520401,1
American Beauty (1999),0,0,0,0,1,0,0,0,0,0,0,1,0,1585059658,1600269262,1
Stop Making Sense (1984),1,0,0,0,0,0,0,0,0,0,0,0,0,1144843199,2526630544,0
Hard Day's Night A (1964),0,0,0,0,0,0,0,0,1,0,0,0,1,1124003575,4239854402,0
Buddy Holly Story The (1978),0,0,0,0,0,0,0,0,0,0,0,1,0,1249864094,7437321399,1
Deliverance (1972),0,0,0,0,0,0,0,0,0,0,0,1,1,1139909293,2175218835,1
Excalibur (1981),0,0,0,0,0,0,0,1,0,0,0,0,1,8503051858,9504849343,0
Mumford (1999),0,0,0,0,0,0,0,0,1,0,0,1,0,1356578202,2815305825,1
Three Kings (1999),0,0,0,0,0,0,0,0,1,0,0,1,1,9118173431,1146992763,1
Psycho II (1983),0,0,1,1,0,0,0,0,0,0,0,0,0,1182292098,1314475677,0
Risky Business (1983),0,0,0,0,0,0,0,0,1,0,0,0,0,1163418575,1110403249,1
Body Heat (1981),0,0,0,0,0,0,1,0,0,0,0,0,0,6141464382,1559855736,1
Ferris Bueller's Day Off (1986),0,0,0,0,0,0,0,0,1,0,0,0,0,1109740574,5308431802,1
Year of Living Dangerously The (1982),0,0,0,0,1,0,0,0,0,0,0,1,0,1149989925,8544058035,1
Children of Paradise (Les enfants du paradis) (1945),0,0,0,0,1,0,0,0,0,0,0,1,0,1322991006,1899010686,1
High Plains Drifter (1973),0,0,0,0,0,0,0,0,0,0,0,0,0,947141534,1071038196,1
Hang 'Em High (1968),0,0,0,0,0,0,1,0,0,0,0,1,0,8784735504,2386684518,1
Conformist The (Conformista Il) (1970),0,0,0,0,0,0,0,0,0,0,0,1,0,1113221774,4222166322,1
Hairspray (1988),0,0,0,0,0,0,0,0,1,0,0,1,0,1197494483,3173738491,1
Reds (1981),0,0,0,0,1,0,0,0,0,0,0,1,0,1237369053,1497373877,1
Days of Heaven (1978),0,0,0,0,0,0,0,0,0,0,0,1,0,8697143641,1233251191,1
Dirty Dozen The (1967),0,0,0,0,0,0,0,0,0,0,0,1,0,1176384267,9531222328,1
Goldfinger (1964),0,0,0,0,0,0,0,0,0,0,0,0,1,9109548726,4012419171,1
From Russia with Love (1963),0,0,0,0,0,0,0,0,0,0,0,0,1,9317576975,4487160445,1
Dr. No (1962),0,0,0,0,0,0,0,0,0,0,0,0,1,1034580852,5633388194,1
Fistful of Dollars A (Per un pugno di dollari) (1964),0,0,0,0,0,0,0,0,0,0,0,0,0,1203300448,1434834673,1
Straight Story The (1999),0,0,0,0,0,0,0,0,0,0,0,1,1,8469164734,3800529817,1
Time Bandits (1981),0,1,0,0,0,0,0,1,1,0,0,0,1,1172604098,242158403,1
Fitzcarraldo (1982),0,0,0,0,0,0,0,0,0,0,0,1,1,113170838,1497762822,1
Crimes and Misdemeanors (1989),0,0,0,0,0,0,1,0,1,0,0,1,0,1063081748,1396091258,1
Who Framed Roger Rabbit? (1988),0,0,1,0,0,0,1,1,1,1,1,0,1,9431296107,6411933175,0
Thunderball (1965),0,0,0,0,0,0,0,0,0,0,0,0,1,1014430252,7127002847,1
Being John Malkovich (1999),0,0,0,0,0,0,0,1,1,0,0,1,0,133014473,1349858219,1
Insider The (1999),0,0,0,0,0,0,0,0,0,0,0,1,0,1008105093,9450239036,1
American Movie (1999),1,0,0,0,0,0,0,0,0,0,0,0,0,6637185484,3455018024,1
They Shoot Horses Don't They? (1969),0,0,0,0,0,0,0,0,0,0,0,1,0,985646612,1333089401,1
Re-Animator (1985),0,1,0,1,0,0,0,0,1,0,0,0,0,890846591,4684892311,1
Drugstore Cowboy (1989),0,0,0,0,0,0,1,0,0,0,0,1,0,1393030911,5619323354,1
General The (1926),0,0,0,0,0,0,0,0,1,0,0,0,0,8187352274,3474456452,1
Little Big Man (1970),0,0,0,0,0,0,0,0,0,0,0,0,0,9576152319,3231798526,1
Trading Places (1983),0,0,0,0,0,0,0,0,1,0,0,0,0,1176592338,2451665066,0
Commitments The (1991),0,0,0,0,0,0,0,0,1,0,0,1,0,1074555041,1683610388,0
Holiday Inn (1942),0,0,0,0,0,0,0,0,1,0,0,0,0,8706188707,1284146877,1
Longest Day The (1962),0,0,0,0,0,0,0,0,0,0,0,1,0,13405215,1258978995,1
Tora! Tora! Tora! (1970),0,0,0,0,0,0,0,0,0,0,0,1,0,1253461748,1559051041,1
Women on the Verge of a Nervous Breakdown (Mujeres al borde de un ataque de nervios) (1988),0,0,0,0,0,0,0,0,1,0,0,1,0,112485598,9279365357,1
Verdict The (1982),0,0,1,0,0,0,0,0,0,0,0,1,0,9671978384,3868610226,1
Stand and Deliver (1988),0,0,0,0,0,0,0,0,1,0,0,1,0,9871685553,2463626169,0
Moonstruck (1987),0,0,0,0,1,0,0,0,1,0,0,0,0,9992704831,4399361628,1
Sleepy Hollow (1999),0,0,1,1,1,0,0,1,0,0,0,0,0,1098036368,3733444307,1
Harvey (1950),0,0,0,0,0,0,0,1,1,0,0,0,0,8807068288,3304566356,1
Bicycle Thieves (a.k.a. The Bicycle Thief) (a.k.a. The Bicycle Thieves) (Ladri di biciclette) (1948),0,0,0,0,0,0,0,0,0,0,0,1,0,1293618533,1724310388,1
McCabe & Mrs. Miller (1971),0,0,0,0,0,0,0,0,0,0,0,1,0,5101601734,4435146089,1
Grapes of Wrath The (1940),0,0,0,0,0,0,0,0,0,0,0,1,0,7966251797,8753055189,1
Natural The (1984),0,0,0,0,0,0,0,0,0,0,0,1,0,8525178593,6047822089,1
Sweet and Lowdown (1999),0,0,0,0,0,0,0,0,1,0,0,1,0,9760698658,1989346581,1
Bonfire of the Vanities (1990),0,0,0,0,0,0,1,0,1,0,0,1,0,1221539961,4405220875,0
Grand Illusion (La grande illusion) (1937),0,0,0,0,0,0,0,0,0,0,0,1,0,1319137678,4780864423,1
Cradle Will Rock (1999),0,0,0,0,0,0,0,0,0,0,0,1,0,1034059569,4291631156,1
Green Mile The (1999),0,0,0,0,0,0,1,0,0,0,0,1,0,1119325564,256669573,0
Last Picture Show The (1971),0,0,0,0,0,0,0,0,0,0,0,1,0,1043538854,7008333108,1
Topsy-Turvy (1999),0,0,0,0,0,0,0,0,1,0,0,1,0,1553682861,1043180559,1
Easy Rider (1969),0,0,0,0,0,0,0,0,0,0,0,1,1,1272052766,4980134559,1
The Falcon and the Snowman (1985),0,0,0,0,0,0,1,0,0,0,0,1,0,1121734127,1175417284,0
Talented Mr. Ripley The (1999),0,0,1,0,0,0,0,0,0,0,0,1,0,9837686627,7411566116,0
Angela's Ashes (1999),0,0,0,0,0,0,0,0,0,0,0,1,0,9080352059,3102523423,0
Stalag 17 (1953),0,0,0,0,0,0,0,0,0,0,0,1,0,8383596703,389046474,1
Papillon (1973),0,0,0,0,0,0,1,0,0,0,0,1,0,7274986897,5437068587,1
Five Easy Pieces (1970),0,0,0,0,0,0,0,0,0,0,0,1,0,122394296,4044995131,1
Dead Calm (1989),0,0,0,0,0,0,0,0,0,0,0,0,0,1276923716,1244154125,1
Fast Times at Ridgemont High (1982),0,0,0,0,1,0,0,0,1,0,0,1,0,8916973709,365304746,1
Poison (1991),0,0,0,0,0,0,0,0,0,0,0,1,0,9360345539,9662055981,1
Zed & Two Noughts A (1985),0,0,0,0,0,0,0,0,0,0,0,1,0,8568882898,4769004666,1
Woman in the Dunes (Suna no onna) (1964),0,0,0,0,0,0,0,0,0,0,0,1,0,1156295704,1661309382,1
Malcolm X (1992),0,0,0,0,0,0,0,0,0,0,0,1,0,7218458839,4719650001,1
Alive (1993),0,0,0,0,0,0,0,0,0,0,0,1,0,1278085326,7091165427,1
Agnes of God (1985),0,0,1,0,0,0,0,0,0,0,0,1,0,1127593379,8249325017,0
Wayne's World (1992),0,0,0,0,0,0,0,0,1,0,0,0,0,1161293134,3350903241,0
League of Their Own A (1992),0,0,0,0,0,0,0,0,1,0,0,1,0,1333339693,5099196584,1
Twin Peaks: Fire Walk with Me (1992),0,0,1,0,0,0,1,0,0,0,0,1,0,1233020617,6935058127,0
Buffy the Vampire Slayer (1992),0,0,0,1,0,0,0,0,1,0,0,0,0,6120512019,9867580353,1
Hard-Boiled (Lat sau san taam) (1992),0,0,0,0,0,0,1,0,0,0,0,1,0,1463002528,2832477583,1
Man Bites Dog (C'est arriv� pr�s de chez vous) (1992),0,0,0,0,0,0,1,0,1,0,0,1,0,1122964612,2179983153,1
Scream 3 (2000),0,0,1,1,0,0,0,0,1,0,0,0,0,10805929,5452934027,0
Beach The (2000),0,0,0,0,0,0,0,0,0,0,0,1,1,1068850394,2484813869,0
Whole Nine Yards The (2000),0,0,0,0,0,0,1,0,1,0,0,0,0,1145125146,1724320941,0
City Lights (1931),0,0,0,0,1,0,0,0,1,0,0,1,0,13602562,2201103594,1
Flamingo Kid The (1984),0,0,0,0,0,0,0,0,1,0,0,1,0,121804653,8588591388,0
Wonder Boys (2000),0,0,0,0,0,0,0,0,1,0,0,1,0,1001113285,5328858763,0
Drowning Mona (2000),0,0,0,0,0,0,0,0,1,0,0,0,0,1208106733,4983663047,0
Beyond the Mat (1999),1,0,0,0,0,0,0,0,0,0,0,0,0,7964106846,2346820951,0
The Year My Voice Broke (1987),0,0,0,0,1,0,0,0,0,0,0,1,0,1092392596,1867436351,1
Birdy (1984),0,0,0,0,0,0,0,0,0,0,0,1,0,1185687606,4279727329,0
Raisin in the Sun A (1961),0,0,0,0,0,0,0,0,0,0,0,1,0,1314634438,1209248064,1
Mission to Mars (2000),0,1,0,0,0,0,0,0,0,0,0,0,0,1511059331,3477804682,0
Defending Your Life (1991),0,0,0,0,1,0,0,1,1,0,0,1,0,1392138902,6674620075,1
Hoosiers (a.k.a. Best Shot) (1986),0,0,0,0,1,0,0,0,0,0,0,1,0,1056946507,3443174538,1
Bull Durham (1988),0,0,0,0,1,0,0,0,1,0,0,1,0,1238757717,1290088738,0
Dog Day Afternoon (1975),0,0,0,0,0,0,1,0,0,0,0,1,0,8810661827,1701337471,1
American Graffiti (1973),0,0,0,0,0,0,0,0,1,0,0,1,0,1408824788,3690126286,1
Searchers The (1956),0,0,0,0,0,0,0,0,0,0,0,1,0,1195997814,1855289831,1
JFK (1991),0,0,1,0,0,0,0,0,0,0,0,1,0,9870805396,4508010743,0
Muppet Movie The (1979),0,0,0,0,0,0,0,0,1,0,1,0,1,101095093,9578880335,1
Erin Brockovich (2000),0,0,0,0,0,0,0,0,0,0,0,1,0,1137327778,1129918988,0
Thelma & Louise (1991),0,0,0,0,0,0,1,0,0,0,0,1,1,100562533,9427063585,1
...And Justice for All (1979),0,0,0,0,0,0,0,0,0,0,0,1,0,1034727256,3538730627,1
Animal House (1978),0,0,0,0,0,0,0,0,1,0,0,0,0,1216876225,8756371674,0
She's Gotta Have It (1986),0,0,0,0,1,0,0,0,1,0,0,0,0,9888318104,1964560411,1
Do the Right Thing (1989),0,0,0,0,0,0,0,0,0,0,0,1,0,1334315671,6389693301,1
Jungle Fever (1991),0,0,0,0,1,0,0,0,0,0,0,1,0,1141361074,209047835,1
Champ The (1979),0,0,0,0,0,0,0,0,0,0,0,1,0,1199064755,2725127912,1
Double Indemnity (1944),0,0,0,0,0,0,1,0,0,0,0,1,0,1467773882,383395916,1
Red Dawn (1984),0,0,0,0,0,0,0,0,0,0,0,1,0,1233282597,3924677154,0
Good Morning Vietnam (1987),0,0,0,0,0,0,0,0,1,0,0,1,0,1176787116,9046285461,0
Guess Who's Coming to Dinner (1967),0,0,0,0,0,0,0,0,0,0,0,1,0,8903692857,5714372103,1
Lord of the Flies (1963),0,0,0,0,0,0,0,0,0,0,0,1,1,7334529099,6763269299,1
Modern Times (1936),0,0,0,0,1,0,0,0,1,0,0,1,0,9079260572,2952289967,1
Hustler The (1961),0,0,0,0,0,0,0,0,0,0,0,1,0,1005059045,8588523021,1
Inherit the Wind (1960),0,0,0,0,0,0,0,0,0,0,0,1,0,1012360295,8639331142,1
Close Encounters of the Third Kind (1977),0,1,0,0,0,0,0,0,0,0,0,1,1,9268674263,487897061,1
Bamba La (1987),0,0,0,0,0,0,0,0,0,0,0,1,0,10193815,3866258473,0
Ladyhawke (1985),0,0,0,0,1,0,0,1,0,0,0,0,1,903871461,43029346,1
High Fidelity (2000),0,0,0,0,1,0,0,0,1,0,0,1,0,9841218383,5249224007,1
Skulls The (2000),0,0,0,0,0,0,0,0,0,0,0,0,0,1137175072,2901292199,0
Misery (1990),0,0,0,1,0,0,0,0,0,0,0,1,0,1369673148,1597306281,1
Solaris (Solyaris) (1972),0,1,1,0,0,0,0,0,0,0,0,1,0,1005167099,253237741,1
Network (1976),0,0,0,0,0,0,0,0,1,0,0,1,0,1090170986,9931355066,1
Outlaw Josey Wales The (1976),0,0,0,0,0,0,0,0,0,0,0,1,1,9994867339,2281038226,1
Ready to Rumble (2000),0,0,0,0,0,0,0,0,1,0,0,0,0,1059510193,5627711652,0
Force 10 from Navarone (1978),0,0,0,0,0,0,0,0,0,0,0,1,0,9556904718,1496499332,1
Mystery Train (1989),0,0,0,0,0,0,0,0,1,0,0,1,0,1032780575,61284602,1
Parenthood (1989),0,0,0,0,0,0,0,0,1,0,0,1,0,1303021854,6945898767,0
Prince of Tides The (1991),0,0,0,0,1,0,0,0,0,0,0,1,0,1168893595,3330682532,0
Postman Always Rings Twice The (1981),0,0,0,0,0,0,1,0,0,0,0,0,0,1394432479,5651067125,1
East is East (1999),0,0,0,0,0,0,0,0,1,0,0,0,0,1214639865,4608715622,0
Diner (1982),0,0,0,0,0,0,0,0,1,0,0,1,0,1112593917,4308882992,1
Shakes the Clown (1992),0,0,0,0,0,0,0,0,1,0,0,0,0,1256185541,1513058689,1
Cabaret (1972),0,0,0,0,0,0,0,0,0,0,0,1,0,1011711382,1053249825,1
What Ever Happened to Baby Jane? (1962),0,0,0,1,0,0,0,0,0,0,0,1,0,8172759223,6092952609,1
Prick Up Your Ears (1987),0,0,0,0,0,0,0,0,1,0,0,1,0,9290406161,5411502613,1
Auntie Mame (1958),0,0,0,0,0,0,0,0,1,0,0,1,0,8133300263,4820123735,1
Guys and Dolls (1955),0,0,0,0,1,0,0,0,1,0,0,0,0,1188222284,6975471974,1
The Hunger (1983),0,0,0,1,0,0,0,0,0,0,0,0,0,1260877171,7297229493,1
Marathon Man (1976),0,0,0,0,0,0,1,0,0,0,0,1,0,1377679684,3544640767,1
Caddyshack (1980),0,0,0,0,0,0,0,0,1,0,0,0,0,8638051322,2808532731,1
Flintstones in Viva Rock Vegas The (2000),0,0,0,0,0,0,0,0,1,0,1,0,0,8163096406,2349249962,0
Where the Heart Is (2000),0,0,0,0,0,0,0,0,1,0,0,1,0,9575259966,6182309636,0
Big Kahuna The (2000),0,0,0,0,0,0,0,0,1,0,0,1,0,7139853393,2186205083,1
King of Marvin Gardens The (1972),0,0,0,0,0,0,1,0,0,0,0,1,0,7498155563,4802636173,1
Lords of Flatbush The (1974),0,0,0,0,0,0,0,0,1,0,0,1,0,1238394744,3545434576,1
Mr. Mom (1983),0,0,0,0,0,0,0,0,1,0,0,1,0,1042173207,836035493,0
On the Town (1949),0,0,0,0,1,0,0,0,1,0,0,0,0,8579453086,3802741897,1
Pee-wee's Big Adventure (1985),0,0,0,0,0,0,0,0,1,0,0,0,1,1075215349,2308739977,1
Regret to Inform (1998),1,0,0,0,0,0,0,0,0,0,0,0,0,106736828,49528401,1
Honeymoon in Vegas (1992),0,0,0,0,1,0,0,0,1,0,0,0,0,1236654894,3129290932,1
Small Time Crooks (2000),0,0,0,0,0,0,1,0,1,0,0,0,0,1190541143,1031248278,1
On Her Majesty's Secret Service (1969),0,0,0,0,1,0,0,0,0,0,0,0,1,1138335683,6278138583,1
Spy Who Loved Me The (1977),0,0,0,0,0,0,0,0,0,0,0,0,1,5600668141,5368303548,1
Man with the Golden Gun The (1974),0,0,0,0,0,0,0,0,0,0,0,0,1,1017745989,2292649574,1
Blow-Out (La grande bouffe) (1973),0,0,0,0,0,0,0,0,0,0,0,1,0,1100307132,7832110353,1
Romeo and Juliet (1968),0,0,0,0,1,0,0,0,0,0,0,1,0,8981761949,448613521,1
Blazing Saddles (1974),0,0,0,0,0,0,0,0,1,0,0,0,0,1079960213,1181059772,1
White Christmas (1954),0,0,0,0,1,0,0,0,1,0,0,0,0,9487720827,2453822749,1
Eraserhead (1977),0,0,0,1,0,0,0,0,0,0,0,1,0,7901015174,3502046482,1
Man with the Golden Arm The (1955),0,0,0,0,0,0,0,0,0,0,0,1,0,1470320941,3819352624,1
Decline of Western Civilization The (1981),1,0,0,0,0,0,0,0,0,0,0,0,0,1161903609,1736523631,1
Decline of Western Civilization Part II: The Metal Years The (1988),1,0,0,0,0,0,0,0,0,0,0,0,0,1253972676,1584403836,1
For a Few Dollars More (Per qualche dollaro in pi�) (1965),0,0,0,0,0,0,0,0,0,0,0,1,0,1068294257,2019323192,1
Blood Simple (1984),0,0,0,0,0,0,1,0,0,0,0,1,0,7848857144,9684573428,1
Prizzi's Honor (1985),0,0,0,0,1,0,0,0,1,0,0,1,0,9514020923,3636477526,1
Running Man The (1987),0,1,0,0,0,0,0,0,0,0,0,0,0,1240547192,1142626768,0
Brother from Another Planet The (1984),0,1,0,0,0,0,0,0,0,0,0,1,0,1143203045,5806249891,1
Mad Max (1979),0,1,0,0,0,0,0,0,0,0,0,0,1,7562071986,9419749709,1
Road Warrior The (Mad Max 2) (1981),0,1,0,0,0,0,0,0,0,0,0,0,1,103331081,1004373992,1
Mad Max Beyond Thunderdome (1985),0,1,0,0,0,0,0,0,0,0,0,0,1,1213238343,6250090872,0
Angel Heart (1987),0,0,1,1,0,0,0,0,0,0,0,0,0,1448268984,4028272495,0
Firestarter (1984),0,0,0,1,0,0,0,0,0,0,0,0,0,808144254,1458639521,0
Coming Home (1978),0,0,0,0,0,0,0,0,0,0,0,1,0,1036196596,1811976805,1
Shaft (1971),0,0,0,0,0,0,1,0,0,0,0,1,0,1080378593,5784904904,1
Conversation The (1974),0,0,1,0,0,0,0,0,0,0,0,1,0,125506826,4371403635,1
Paper Chase The (1973),0,0,0,0,0,0,0,0,0,0,0,1,0,9921015828,1259708838,1
Prince of the City (1981),0,0,0,0,0,0,0,0,0,0,0,1,0,115165861,3978543513,1
Serpico (1973),0,0,0,0,0,0,1,0,0,0,0,1,0,1136731583,1333113809,1
Big Trouble in Little China (1986),0,0,0,0,0,0,0,1,1,0,0,0,1,1099765113,1030276981,0
Badlands (1973),0,0,0,0,0,0,1,0,0,0,0,1,0,1403696069,1521636221,1
Battleship Potemkin (1925),0,0,0,0,0,0,0,0,0,0,0,1,0,1240958138,4132460872,1
M*A*S*H (a.k.a. MASH) (1970),0,0,0,0,0,0,0,0,1,0,0,1,0,8723197904,2522440499,1